mfcc_0,mfcc_1,mfcc_2,mfcc_3,mfcc_4,mfcc_5,mfcc_6,mfcc_7,mfcc_8,mfcc_9,mfcc_10,mfcc_11,mfcc_12,mfcc_13,mfcc_14,mfcc_15,mfcc_16,mfcc_17,mfcc_18,mfcc_19,label
-391.8252,86.733055,21.75606,13.757183,9.030744,12.091555,12.048173,0.36570874,1.7376573,5.4751897,-5.656949,-6.118983,-5.5719476,-4.7571483,-3.2884645,-0.07131161,-0.12842578,-6.0779266,-2.4412115,-3.0305367,buka
-219.55458,95.143524,23.050543,11.27375,12.111441,7.2538767,12.820862,-2.0456984,-0.2795058,7.2768064,-7.029059,-7.047171,-9.19152,-6.422854,-3.832167,-0.06807582,-3.157759,-4.7529917,-6.085726,-4.260391,buka
-231.49965,95.491196,21.78669,16.874832,9.731382,10.7662325,14.763392,2.3153365,0.4828452,3.2605042,-6.200699,-1.7126042,-7.362328,-1.6833941,-0.3366808,-2.1630065,-2.2623572,-2.6849759,-4.889982,-5.064355,buka
-239.90352,93.402954,20.391285,14.796158,7.593359,8.971307,12.700639,-0.08105777,0.0014423957,4.2892537,-6.7811017,-2.9793773,-8.099751,-2.4107003,-0.21125925,-2.0338569,-2.7437444,-4.011409,-4.7664046,-5.796066,buka
-239.52228,96.24301,13.798207,11.316676,9.502037,7.641552,16.703917,0.59138685,-1.3142829,5.2974663,-8.986366,-1.3696989,-7.2023935,-7.7265234,0.5046004,-3.0005393,-4.273159,-3.4249082,-4.315732,-7.084563,buka
-259.80292,96.80133,19.465597,11.098683,9.829651,7.9384923,14.170372,3.087037,-1.173308,6.899849,-4.0680227,-7.8123565,-8.402834,-4.8598046,-2.2912722,-1.9980553,-1.0134645,-3.0058246,-5.0927253,-4.7527666,buka
-206.38766,96.359825,23.984728,12.084601,10.7318125,13.319318,15.112576,0.8856103,3.225643,2.8383245,-6.4283295,-4.5903444,-7.86277,-3.5818188,-0.5638733,-2.287459,-1.0595628,-2.297862,-5.3780546,-2.2412007,buka
-225.2708,100.695435,23.326643,14.003166,11.063984,11.449078,12.317156,1.7508847,0.6332656,3.6387193,-9.735155,-4.532401,-8.012664,-4.084315,-0.13949202,-1.765459,-2.9788146,-2.4822242,-5.305709,-3.8664231,buka
-255.02707,97.6062,23.150482,16.01114,9.950019,10.440307,14.001793,-0.31459963,1.017285,4.1422873,-6.80619,-5.2452965,-5.953455,-4.4418464,-1.102192,-0.83612335,-4.0433154,-2.2168088,-6.361521,-3.7254648,buka
-226.85788,97.7,26.266157,15.407944,10.567174,10.732785,13.3200865,-0.1442315,-1.0202521,4.4873137,-4.3546853,-0.45875242,-7.922656,-3.5714445,0.046088982,-4.6920633,-4.1640244,-1.152553,-4.7375326,-5.8481774,buka
-238.1061,96.16849,26.875565,13.989244,9.889541,12.501185,12.44533,1.6174741,-1.1506815,2.243732,-4.54759,-1.8452233,-6.9920936,-5.810457,-0.9601081,-2.7534256,-2.466164,-1.180166,-5.4574976,-7.0119905,buka
-306.35767,100.58802,22.762596,10.812809,4.4237704,5.6489005,11.493241,0.25747505,2.2405665,5.489184,-17.377548,-11.61783,-3.8355267,-8.821774,-1.444504,4.66501,-2.9748,-7.277238,1.9698292,-9.324551,buka
-276.49512,105.91864,31.158445,18.032808,8.442829,10.075072,8.170895,-5.9085555,-3.1485527,2.4208252,-14.44332,-6.344223,-2.108422,-8.405421,2.304015,0.7581906,-4.556585,-7.0129232,-3.6885452,-8.759507,buka
-280.6649,90.77886,23.139153,19.188356,12.853876,10.61618,8.657458,3.5669315,3.263587,2.6751478,-15.0925455,-4.1402965,-3.8735266,-5.1056876,1.9125326,0.851182,-2.6801836,-4.3978553,-3.8678722,-6.4049954,buka
-208.57275,90.27926,21.557137,12.722618,8.369876,8.167617,9.113833,1.7563292,5.376673,3.571614,-18.597225,-3.64448,-4.8693113,-4.8477635,0.5265291,1.1581911,-6.2712812,-6.5941677,-0.40447295,-6.880535,buka
-219.85619,96.863106,27.102007,13.943743,8.462818,10.97838,16.09481,3.814714,0.5941563,4.3799887,-14.40482,-8.72885,-6.6800203,-1.2815312,-2.9704406,2.4672055,-0.7601932,-4.895227,-2.2669177,-2.1522496,buka
-270.71286,93.936516,28.005377,14.010068,13.83851,13.903211,14.729804,-0.6781268,0.3912528,6.6259017,-9.773416,-3.6742065,-7.2678595,-2.0527413,-2.5359588,-0.11156727,-2.5178645,-2.1986332,-6.4274883,-2.6267068,buka
-202.31502,100.06044,30.98032,16.886278,11.841215,13.949678,17.418507,1.3315375,4.549335,3.0204487,-9.889313,-4.4822736,-9.557188,-2.3930533,-1.4103285,-3.4178205,-1.972025,-1.7369585,-5.6297097,-3.8035202,buka
-252.3795,97.28422,30.778048,14.504982,10.507651,12.996932,16.574001,0.541843,1.5388068,6.086408,-10.33413,-5.5816884,-6.3411255,-1.8970925,-2.5986357,-1.7369859,-3.4432907,-3.6691215,-7.055602,-2.5970721,buka
-251.62468,101.559784,24.6992,13.004522,7.254854,9.419772,13.42811,-0.70037615,2.0721931,4.777602,-9.976739,-5.1506424,-7.6121235,-2.002569,-2.026832,-2.2524805,-2.1836126,-2.3149238,-4.488481,-3.280201,buka
-228.94084,95.1641,27.918499,16.303251,13.045079,14.003162,17.627918,1.4023142,1.350756,5.351278,-9.036903,-2.0799704,-4.593008,-0.29472345,0.9466827,0.16463646,-0.7989814,-0.8279333,-4.11032,-4.316703,buka
-232.277,91.26553,27.591148,16.315674,19.794369,16.795473,12.13651,4.3634953,-1.3242531,2.6595883,-3.690252,-2.3316438,-3.5826933,-0.7564384,-0.18553153,2.7225955,0.049556088,-2.6509478,-4.216172,-1.3766878,buka
-259.36575,91.05993,33.062374,12.903649,16.195927,9.90292,14.393175,1.8927176,-0.2025843,6.2012405,-5.1755314,-8.03648,-5.0983424,-2.7537177,-3.5642056,-0.8895953,-2.843163,-3.5725863,-3.442504,-1.3952214,buka
-164.1774,98.55241,13.022294,30.483732,12.303566,8.486493,6.760874,5.9566913,-3.6055312,5.6343513,-3.7715409,-1.4533768,0.33355236,-0.9730123,3.694945,4.7249794,-1.3902895,2.4179497,-3.0538018,2.3262649,buka
-283.03702,93.277275,17.031649,8.846121,11.364265,7.9300857,13.549386,2.052924,-3.7617798,6.6035695,-5.258367,-8.14772,-10.619184,-6.155068,2.5726588,-2.5938227,-4.599526,1.0453712,-5.2550097,-6.375816,buka
-198.71687,90.40637,26.901615,12.370517,11.683475,13.188826,18.22092,-2.5203085,1.4805471,4.487158,-8.545171,-3.1687553,-6.6487675,-2.673258,4.3879848,-3.0793436,-3.921862,-1.2664472,-4.966529,-3.999485,buka
-189.26123,93.66084,29.551508,12.807651,11.852872,2.844591,19.97957,-2.2983408,-5.114066,4.69724,-6.714517,-3.2734473,-8.231547,-5.8312654,2.539076,-2.8783765,-5.955597,-0.31491747,-6.320481,-7.4399357,buka
-188.75183,97.10245,20.714575,21.954105,10.973936,8.343374,14.179409,-5.2255526,-2.89969,3.495935,-8.760831,-1.404724,-6.4230123,-3.3992343,-0.28086185,-3.3407462,-4.8573866,-4.7613974,-6.5946655,-0.052362338,buka
-197.28339,95.44409,28.016361,16.471834,7.7880745,0.78150594,18.161242,0.5829532,-0.91828835,5.7860045,-10.53228,-1.5433089,-9.673623,-7.1621933,6.1220465,0.5488825,-5.067176,0.86080956,-7.419629,-5.898769,buka
-255.31006,94.1544,25.984058,9.9792185,8.274556,7.314698,16.32118,2.1529632,-3.6829603,2.9692185,-10.19194,4.1270847,-6.226349,-9.548088,-0.9396267,-3.2118812,-2.2877872,0.4817542,0.1957362,-6.500681,buka
-273.34534,85.31322,29.093065,12.905969,5.267854,8.605074,15.851998,3.165105,-5.989643,3.3536367,-12.193517,3.0598981,-5.7803464,-6.4382744,-1.9641078,-3.8826427,-1.6889707,-1.2119343,-0.31147146,-3.372744,buka
-235.19484,86.80864,34.53443,18.135885,13.15697,10.985534,12.227549,3.832411,-2.5124767,-0.34607977,-14.052672,-2.8086956,-4.732911,-8.213593,-0.9901271,-1.6580664,-4.942048,0.4129568,-3.1048658,-0.657408,buka
-206.6161,97.21011,23.798132,17.086378,10.504461,10.501696,15.412551,1.7560313,-5.2374234,-0.69736844,-11.526174,0.36444098,-4.32325,-8.120411,-1.2393757,-5.0048113,-3.0433998,-0.14186475,0.84573925,-1.7688806,buka
-179.84766,101.844315,24.284576,9.543778,7.507505,13.935629,17.190588,0.0014024294,-1.3100573,-3.7937832,-13.843169,-1.7722926,-7.225413,-5.8559775,-4.0102053,-4.278399,1.2794304,-2.7595406,-3.7362275,-3.2410822,buka
-227.76617,94.63752,24.480268,11.324579,10.629659,16.753536,15.266011,3.1814299,-2.973018,-0.31797627,-9.585292,-2.4540277,-6.021102,-2.1657333,-2.7890782,-3.939664,-0.5491405,-3.223548,-4.089701,-3.4797044,buka
-237.98587,83.468445,32.57833,19.02098,14.289418,11.010763,12.362096,3.6311922,-0.92812115,0.68687075,-9.201322,-0.47917175,-2.2606564,-4.2059216,-2.0349524,-1.2780662,-4.8969474,-0.55459094,-3.9775944,-1.622894,buka
-183.46765,112.347755,26.649067,14.077061,-0.86019105,6.3508697,11.6261215,3.650203,-4.283312,3.0295882,-12.105988,-7.5356956,-2.66402,-11.656926,-1.550783,0.3972417,-4.42442,0.9382476,1.8720012,-3.0661397,buka
-218.953,102.60766,28.314388,15.15136,10.896097,10.448159,12.904858,0.45597875,-4.396181,2.074777,-8.764848,-4.066003,-1.837211,-7.3876443,-3.595219,-3.2791002,-3.0154276,-1.772619,-0.7055043,-3.839833,buka
-265.67188,100.59479,31.45956,17.590685,10.996255,7.2907724,10.054392,1.9140707,-3.6661496,0.4038506,-9.5473,-3.045555,-4.612451,-7.5085783,-3.7230735,-2.7208302,-3.9966383,-1.07291,-2.019254,-1.8074611,buka
-265.10928,98.62935,26.380236,24.265785,14.79081,8.532552,9.557993,-4.484777,0.46889493,1.9483895,-9.219202,1.2282954,-5.4529157,-9.171558,-5.190262,1.2432222,-7.3303833,-4.9237995,-0.20893544,-3.75741,buka
-254.42166,97.27506,29.904228,19.008358,8.502569,9.011157,16.220482,4.1755166,-4.5732737,6.713737,-9.120854,-4.5890775,-9.340668,-7.837924,-1.0528004,-2.9527094,-3.2136924,-1.4552492,-5.094326,-3.2793553,buka
-293.9596,90.4222,37.9729,23.803001,13.977203,11.11866,12.966019,7.3491626,0.2524785,5.3986964,-11.185003,-3.8858423,-3.8112948,-0.4155088,3.8751786,-0.08845504,-4.8584247,-0.1537445,-3.8082182,-2.05772,buka
-257.46695,87.960106,41.03483,22.150782,17.65031,12.057766,12.939126,8.403321,5.225197,3.0052605,-6.8419156,-1.7217349,-4.620942,-0.62943256,1.0822489,1.5451459,-3.8955052,-1.653181,-3.8862731,-1.0996827,buka
-200.0743,88.69648,26.499514,14.571659,13.5211115,14.227402,13.7924385,-0.21224229,1.6753352,3.3560638,-4.329929,-1.9570743,-6.0336194,-3.9419978,-1.331736,1.5338516,-2.5940375,-2.9688041,-4.0486135,-3.0696018,buka
-237.26286,96.09235,27.361166,15.6925,12.966887,11.569683,14.802764,0.8142597,0.3671339,3.6716056,-7.108138,-3.3381767,-4.0280066,-2.0482397,-0.90108186,-1.3943865,-3.0776548,-2.9680116,-4.8199844,-0.56754035,buka
-283.37833,97.367256,27.78231,16.815876,10.693146,12.269928,13.56302,-0.3460667,0.72884077,6.167352,-8.51499,-4.1958027,-7.591278,-3.7719867,-1.8939654,-1.2821993,-2.7495096,-3.0023735,-2.3134782,-2.2150238,buka
-266.24216,85.60669,23.615103,13.078889,17.090366,7.4345236,13.054524,5.6643534,-0.18488024,7.10252,-2.772353,-4.228061,-2.4131773,-3.269442,-2.6625383,-3.8160303,-3.5106502,-3.1016603,-3.7822082,-1.8333563,buka
-269.95804,94.10221,26.467083,17.518906,12.993907,7.195715,10.884171,3.72493,2.873156,5.735987,-2.1209447,-5.5749555,-6.9374394,-1.5460508,-0.29461312,-0.560262,-3.448023,-3.1273456,-2.2848783,-1.8745958,buka
-227.90985,93.408554,21.994167,18.289707,9.089824,9.996235,15.019846,-0.8194478,-0.8491794,6.612975,-1.9939228,-0.90329933,-5.2396603,-1.4555731,-2.222655,-4.62236,-3.084118,-2.8748214,-5.3204165,-2.0567992,buka
-219.93843,92.92692,18.967346,16.047266,10.433351,6.651598,17.583261,0.5344137,-2.744347,6.6263394,-4.544034,-1.8837012,-4.6242,-3.099111,-1.0049286,-0.33646396,-7.6182785,-2.3518286,-4.8831573,-2.1646562,buka
-225.04872,95.288025,27.487856,15.378497,11.095508,12.029109,18.962772,0.26637357,-0.48777974,3.1906905,-5.4870806,-1.4557433,-7.517882,-3.4110641,-1.1190261,-3.4913867,-7.289718,-3.4915915,-4.7984247,-2.5763795,buka
-265.96475,99.73099,17.473066,11.617316,8.261444,8.456746,12.720185,-0.4479137,-0.013441555,6.4938087,-5.0441785,-0.81865627,-7.2273016,-5.3830223,0.63947535,-3.0192406,-5.6542435,-2.5140479,-2.7548141,-3.6837695,buka
-274.93784,87.99147,21.93701,13.232484,8.476219,6.754949,14.451928,-2.2037275,-3.3322468,4.21215,-8.546368,-1.4016569,-7.312331,-5.5256524,0.62819177,-2.3814454,-9.576903,-0.86808085,-2.6884081,-2.3526776,buka
-251.37415,115.64155,12.600406,3.2145324,-1.5433298,-2.4772663,3.2461698,-8.130982,-2.7800965,2.8856578,-7.3831286,-0.2216522,-6.666773,-4.7973876,-4.8119397,-2.0519526,-6.669955,-5.0447974,-2.2961984,-0.1850338,buka
-260.7599,96.55982,15.97962,6.39639,11.0363035,6.8091583,13.192103,-4.488077,-0.34667948,7.255013,-5.8043637,-0.3404396,-3.1936924,-3.758489,-3.5788076,-1.389522,-6.2256117,-2.8348427,-4.6797833,-2.41828,buka
-255.86617,89.243515,22.762064,9.596029,10.927643,7.344412,11.334789,0.29224104,-1.258835,8.7238455,-2.3817914,-4.115844,-6.7452006,-4.9340034,-2.831174,-4.2663717,-6.6429577,-2.2240639,-5.1283274,-1.430989,buka
-269.37115,89.825554,15.188777,11.491985,12.376435,8.033537,10.274985,0.1802736,-1.0288675,8.079314,-5.404909,-4.6976614,-7.118792,-3.4914565,-1.305147,-3.1618738,-4.36838,-4.03965,-1.5095742,-3.1776352,buka
-281.2554,86.076675,32.686825,13.586292,13.991538,8.400675,9.205331,3.3380802,-0.13786668,4.991439,-8.610606,-5.0000787,-5.4810367,-3.2498055,-1.5539393,-0.16379456,-1.6437789,-2.02118,-3.784461,-2.422436,buka
-254.70883,94.574066,27.016554,14.20047,12.710247,10.406461,9.83758,3.1705248,1.4602618,6.262821,-8.459092,-5.88597,-6.5382247,-4.3014374,-1.2962339,0.24980211,-4.181642,-3.4101355,-4.6562448,-5.81191,buka
-273.2159,91.20021,24.205606,13.047427,10.531708,10.485915,14.231741,-1.8392105,-0.42834964,7.3366084,-5.670106,-1.7740741,-5.8158727,-5.7142825,-2.0419073,-3.9314811,-2.42302,-2.8152382,-2.6259515,-4.1933823,buka
-298.9995,80.18553,32.82002,17.09479,14.031806,8.821302,14.8206005,5.316262,0.67674434,3.6889658,-4.5696745,-2.863394,-1.7352467,-2.4795969,-0.9075316,-1.8389864,-0.9812506,-0.31952223,-5.057871,-2.6683757,buka
-257.23325,84.881805,30.643633,18.78467,11.822734,7.47148,14.087709,3.361089,-1.7366034,5.0626917,-3.8064535,-1.9756104,-4.9911566,-3.217624,-0.857488,-2.1339347,-1.6801474,-0.21262263,-3.8266425,-1.159409,buka
-213.87596,96.66105,26.89015,14.029435,12.070115,9.911567,14.076203,0.99784124,0.8414825,7.281807,-5.8653164,0.5864633,-5.1735644,-6.3081684,-2.5810814,-2.9156625,-1.4361196,-2.1355946,-4.724164,-1.6515732,buka
-177.80893,84.82088,23.91496,14.934006,9.667524,8.635697,14.037513,0.6864528,2.727474,1.9457877,-2.4654937,-0.002982675,-8.965085,-5.783968,-3.933254,-4.072271,-2.6219285,-0.0692254,-4.1009846,-1.8860373,buka
-238.9321,93.07976,21.238222,16.716812,10.051317,10.170378,10.785288,2.0080843,0.57110935,6.5304008,-7.1180544,-3.7773972,-6.1445265,-3.7808454,-2.5209808,-1.6597478,0.5951306,-2.5914986,-5.796218,-2.910543,buka
-194.64072,89.043495,22.3909,13.998698,14.93843,12.198108,13.555067,0.67205966,-0.40001935,5.1757283,-2.189046,0.9866685,-5.874598,-3.2751021,-2.7799137,-3.032878,0.52108216,-2.6479225,-4.7721453,-2.1645331,buka
-179.65207,96.29495,26.44544,16.093586,14.942622,11.750196,16.092142,-1.0773681,-1.920256,4.209168,-6.1799593,-0.18802366,-2.8155923,-3.4719229,-2.1265333,-3.9429054,1.3438395,-0.84182876,-3.0342445,-0.29872766,buka
-197.32529,95.444145,25.619198,10.135075,14.640022,11.490543,15.737357,-2.3179333,-1.6177429,6.574134,-7.465505,0.16438764,-4.301568,-4.085101,-3.6071718,-4.8990645,-0.13894174,-1.7973284,-4.5502877,0.97891134,buka
-196.24779,94.71938,23.441004,15.431723,11.696911,9.657907,17.57237,-2.1747656,-3.1857145,1.8225187,-5.4279227,3.74404,-5.1244597,-5.383678,-1.5113991,-3.6991944,-2.8077161,0.3153133,-3.177183,-1.1025888,buka
-192.3373,98.320305,16.335194,11.902785,13.324059,8.176474,20.504759,-1.8272576,-4.8410673,9.435033,-7.626118,-0.9359786,-4.79721,-4.2622857,-2.0961266,-5.393277,2.518577,-1.9228724,-5.582431,0.058567237,buka
-208.84515,86.05286,21.830187,12.489098,15.050575,9.768839,12.258498,0.51341945,-4.67941,8.560566,-2.6593099,-3.5437617,-4.133819,-1.4518285,-0.41284084,-3.5362961,-1.1902503,-2.0622807,-3.8814542,-1.5671389,buka
-192.0442,103.519295,18.439152,21.396,13.238337,7.0923915,13.53831,-2.4601755,-3.2407243,12.920742,-5.557576,0.5418575,-5.9578795,-4.378618,0.7048394,-2.4300632,0.67228425,1.7472829,-3.9567318,-1.6416085,buka
-189.98024,98.088356,15.559798,13.68565,6.476148,8.781786,20.20926,-5.954628,-1.5169408,5.5703464,-6.514416,-0.69759774,-8.991079,-4.678379,-3.3504286,-4.586894,-0.3461127,-0.91021776,-8.094829,-4.6766,buka
-196.2411,92.21053,23.637993,15.59463,13.997577,13.524557,12.495503,-1.0600369,-0.37002662,3.4735994,-6.5199323,-2.370837,-5.786792,-2.2236104,-1.8718832,-2.8119175,-0.39008245,-0.703381,-6.907723,-2.8145518,buka
-258.97806,91.89025,25.852625,13.036194,8.342131,8.285537,14.722303,2.5817714,-1.2756094,6.6024547,-6.8372526,-1.2691967,-8.985075,-8.163808,1.4481283,-5.2127404,-2.0490527,-3.6478534,0.1588077,-6.776991,buka
-228.68352,95.61694,35.087738,16.675505,13.821206,9.506301,10.265012,3.039636,-2.2055485,6.051511,-7.660302,-3.5751724,-9.188796,-7.4624653,-0.9540186,-3.709172,-3.3555076,-3.4461467,-3.2174318,-6.243106,buka
-210.48117,90.28362,22.746906,14.282684,8.492292,12.075658,9.847185,0.14579278,-0.60601443,7.312437,-4.5627413,-1.4930987,-5.63342,-5.926211,-2.032542,-4.6308923,-1.5319529,-4.2850018,-1.0470953,-4.4312983,buka
-204.44096,106.674385,24.246428,11.94664,7.3330526,10.240485,11.222451,2.356422,-1.0538354,7.0101504,-12.038698,-5.4309945,-7.7640486,-8.315846,-1.2755189,-3.62154,-2.5979755,-3.7510767,-2.900566,-4.1858544,buka
-287.92987,94.477135,28.441858,16.104563,12.227047,11.255912,9.174182,2.2801495,-0.6843171,6.7689514,-7.482915,-7.493278,-6.140191,-7.4455905,-0.40340748,-1.8196387,-2.6238782,-4.5666738,-2.4525063,-6.2507505,buka
-240.95944,93.44227,27.966722,17.606787,13.314923,10.783053,10.056689,0.9872818,2.4679992,6.1624975,-8.092125,-2.8052816,-4.860729,-8.503673,-2.2100966,-2.4676862,-3.1026235,-4.3387504,-2.21797,-4.2433968,buka
-243.51526,88.51288,25.089123,12.485905,16.448458,11.025952,14.925049,0.9456574,-1.0300126,2.8328798,-7.3759985,-0.79572636,-2.2480185,-4.5954685,2.418054,2.2659047,-4.6477437,-1.0159425,-1.9986994,-4.4837637,buka
-200.93185,91.56481,29.990658,14.72478,14.585164,8.152879,15.020242,3.216482,-2.926528,-0.47454458,-6.553795,0.4592815,-6.8997874,-2.9365976,1.9068224,-0.46425295,-7.668658,-0.7995518,-2.2377405,-4.507444,buka
-220.84862,90.12478,33.4156,13.628091,15.149681,12.556633,14.056594,4.5578046,-0.57399803,0.47882932,-7.816011,-2.271492,-5.171581,-1.0510705,0.8800062,-1.6397742,-4.495123,0.8725609,-5.706556,-1.8449868,buka
-200.67604,97.14454,22.550142,16.578175,12.959334,9.484904,15.566952,2.9637768,-1.3668078,2.5302098,-7.176504,-0.7013592,-2.37414,-2.304717,0.649403,-0.40555838,-4.1693335,0.28745082,-4.5218954,-4.06773,buka
-285.72824,96.45947,24.397102,17.494066,10.790747,7.9812717,12.144047,3.902727,-0.7158569,4.855055,-9.523872,-5.2760425,0.4302551,-7.20033,-4.1319737,0.8390447,-0.09338659,-3.9407697,-1.2107574,-3.2827375,buka
-299.69434,93.15471,27.349617,16.727356,14.949588,10.46848,13.5722,8.531781,-0.02964528,0.4412848,-7.637302,-3.0814545,1.4277331,-4.6382146,-2.9470165,2.005934,-3.9062788,-2.353918,-0.606682,-5.807724,buka
-233.23239,90.47531,29.546808,17.845242,11.113911,10.076368,12.145969,4.1384444,3.6368542,5.294876,-9.847809,-6.1561217,-2.2622666,-1.6256227,-5.429733,2.365848,1.9045955,-2.9282155,-1.5577278,-0.34580648,buka
-271.5594,94.248405,22.764582,16.041824,8.925542,9.793418,16.573498,4.193475,2.68814,7.3086414,-8.734209,-9.574662,-5.243479,-4.1733384,-4.2318053,-0.9851498,1.6733323,-4.229676,-1.2793823,-4.8015394,buka
-237.66513,84.72386,24.738935,12.274195,16.427544,9.022214,12.776104,2.028334,0.9282533,5.618355,-4.6050186,-3.6165342,-2.5774515,-1.7933068,-4.6351204,-1.7286068,-0.13655701,-3.395852,-2.6523085,-0.54570204,buka
-246.43654,91.533676,24.948017,11.060048,13.220459,11.736676,13.686127,5.280847,2.440549,4.2445526,-4.6464486,-2.9238203,-1.3007789,-3.2659874,-5.2671914,-1.182407,1.9397724,-2.85606,-2.7771068,-2.33182,buka
-237.82681,92.41835,28.41775,13.412124,15.31618,8.547787,9.976201,7.9744697,-2.5825684,3.6526453,-13.203089,-8.755398,3.3162165,-9.360977,-5.225689,1.2963277,3.5645144,-4.689064,-0.4009697,-3.5067117,buka
-257.4564,86.54068,34.526108,16.367222,15.187702,10.109435,11.068563,5.404637,2.5542612,2.7290046,-4.460231,-2.903923,-0.58177614,-1.0113626,-1.2431371,0.9931874,0.34420648,-0.6583272,-3.824778,-2.3764904,buka
-260.5994,92.588135,25.367266,11.217574,13.046774,8.440151,11.531907,6.373616,-0.21110786,4.7782564,-8.575702,-6.021137,-1.4564799,-5.3884473,-2.9432979,2.387351,2.2790785,-0.8115196,-1.1942171,-3.5926242,buka
-242.54181,90.60595,42.34056,24.498386,15.456514,8.693428,9.609979,8.429995,1.1370608,3.5912879,-7.1184983,-9.264752,-4.497035,-6.5877194,-1.0948322,1.5335311,1.6543773,1.5830497,-1.612125,-3.8862643,buka
-250.75969,89.81179,37.125175,18.524948,13.256658,4.9794908,10.484107,6.8221908,0.25741947,4.6163387,-8.799369,-8.0657835,-0.6251038,-3.9874713,-1.6964481,4.162632,1.3902748,-2.735088,-1.8737471,-3.861072,buka
-246.67773,91.34794,29.882446,15.409446,13.3360815,9.466369,9.247967,8.057955,-1.8481603,4.415842,-8.613199,-8.195348,1.1037445,-7.913205,-4.2627664,2.734208,1.9291754,-4.139416,1.3809142,-3.2383873,buka
-227.83539,89.10884,30.506466,16.111408,13.523471,3.8262994,12.867848,3.8776278,-5.422309,8.298117,-12.215256,-7.213185,-3.5403862,-5.0492244,-0.89337087,0.75345033,-0.48658264,0.9058673,-4.0916944,-0.61202335,buka
-226.70026,88.51267,44.89403,21.17144,15.757628,9.169256,10.293373,6.9062705,-0.82812923,2.6909382,-6.809367,-7.1072845,-3.4412456,-4.473538,-1.2081263,1.0370812,-0.98559326,2.0132005,-1.407724,-2.0959442,buka
-204.50705,94.97385,28.203913,11.021094,10.798821,10.93787,15.748658,1.3276736,2.1008158,4.739121,-6.2104807,-5.44925,-2.5820897,-2.8550525,-3.6563146,-1.3213216,2.219766,-0.9320468,-2.4485915,-0.25301695,buka
-258.7724,92.45923,30.145744,16.354242,13.045216,7.929724,9.971646,4.9834933,-1.4219074,4.1336,-11.156435,-8.543864,-0.98076224,-5.7552295,-3.9746065,1.063137,0.39442727,-4.968508,-0.22002959,-5.2310467,buka
-337.009,82.69868,32.422947,23.516832,12.651218,11.314236,11.409123,0.799076,-7.139963,-2.5990713,-7.214402,-2.42559,-2.679611,-2.8783402,-0.99213916,-3.2380002,-3.7303407,7.574866,-0.94030684,-1.6616572,tutup
-285.2107,83.65427,32.00856,23.69264,15.352055,11.343324,12.395599,2.8768892,-3.058696,-1.6334242,-6.656281,-2.5075223,-1.4667113,-1.2858733,-2.008951,-2.7189486,-3.0051236,4.020159,-0.78040373,-1.2042232,tutup
-307.11685,86.18791,26.301771,21.967834,15.913057,10.813682,14.016764,7.2737446,-4.2300606,-1.685844,-9.487469,-4.1114016,-0.6156281,-2.2758434,-1.1774278,-0.7815528,-7.3646936,1.9225473,-1.6435968,-3.1525311,tutup
-278.64227,83.90556,35.569523,23.242846,14.916568,11.672068,10.155087,0.9344501,-1.213561,-4.2387505,-5.776238,-1.875507,-3.5046453,-2.1924498,0.18101001,-4.818529,-2.174166,2.7394958,-3.3272557,-3.0996325,tutup
-224.79465,85.1833,25.237106,20.608679,7.5970936,11.608719,13.787143,2.2881904,-4.5168853,-2.3742797,-8.311521,-3.6831403,-2.320947,-4.1348124,1.1438996,-3.6103542,-5.327281,3.5073,-4.8446712,-0.25626397,tutup
-222.93436,99.46479,31.865932,18.50165,8.585635,6.9583416,11.467807,-1.0117321,-8.444865,-6.712558,-12.150195,-6.6200075,-5.3179545,-3.232153,2.0096874,-4.0913196,-2.2764816,0.10893352,-6.315473,-3.7088923,tutup
-277.05722,85.522705,30.187023,23.631031,13.237535,16.024578,11.079376,0.81842154,-2.400584,-4.4239345,-4.1512213,0.79314077,-2.0126362,-0.6893799,0.16636345,-3.9669006,-0.8024581,0.8902643,-3.1957603,-0.6003754,tutup
-256.65027,92.525696,33.42615,17.27059,14.824585,12.298335,11.258408,2.938261,-4.4019423,-1.9308301,-8.983952,-5.009016,-2.7826695,-3.3434815,-0.23756547,-3.4941683,-3.2899878,0.5103414,-5.6867476,-2.2727296,tutup
-264.7416,82.16382,37.756832,18.969702,12.292717,11.50558,14.183194,2.009932,-2.2571542,-5.694731,-8.329951,-3.4689758,-3.4701774,-0.9261774,0.5022105,-3.1380715,-4.2017674,1.7798574,-3.705052,1.1893351,tutup
-296.98737,83.36905,33.836765,21.809624,12.119882,12.930527,13.452279,1.2615051,-4.9548144,3.5062513,-8.921708,-5.2514977,-5.1728363,0.0054770103,0.6412779,-6.144575,-2.1226418,-0.41613117,-5.42187,3.148615,tutup
-240.14781,81.783714,40.26498,24.834932,10.905331,9.41556,11.946628,2.721288,-0.12714486,2.1091614,-9.145427,-2.2841747,-9.450728,-0.6955901,2.282633,-3.4571235,-1.2641771,-0.6203474,-4.635798,-2.7262292,tutup
-240.47981,82.115685,32.62778,22.54763,12.774743,12.275684,13.405846,4.323632,-0.39863878,-0.51167876,-5.4343033,0.4101684,-4.972001,0.3055268,1.3186696,-3.2057185,-3.5120597,-0.9026185,-4.886493,-2.7084568,tutup
-273.48535,81.953445,30.389801,22.490145,12.918525,14.496021,15.721974,0.91171837,-2.0395327,-2.972874,-5.779619,0.59322387,-7.0144567,-0.26196262,0.35220975,-4.8543177,-2.4120767,0.6771676,-3.2666826,-1.3537863,tutup
-263.59372,88.07,32.98956,20.740381,11.093991,11.669935,13.798064,1.0768621,-3.775793,-0.04910045,-8.056041,-2.054871,-6.465234,-1.5916501,3.0024114,-2.9065192,-2.462399,0.37425563,-4.933621,-3.8983815,tutup
-271.03616,84.60266,25.186472,21.496752,13.591723,11.298557,13.194126,0.879648,-3.537898,-1.065318,-7.572316,-1.1197994,-4.4309254,-2.385537,-0.14681269,-3.2668447,-2.572768,1.8485799,-2.7122495,-0.23779301,tutup
-273.30035,84.4789,36.89079,24.730352,14.4029,9.990442,11.648232,0.042051163,-2.5968375,-0.5314982,-8.562415,-4.1997347,-2.8904495,-2.635733,-1.6239654,-1.048925,-4.18364,-0.16624649,-2.587033,-2.4863925,tutup
-251.06624,77.06529,30.027086,19.927792,12.549137,10.476683,10.57377,6.496579,-0.8649684,4.3188515,-5.8994904,-4.4458537,-4.288785,-3.6898735,-3.5515687,-2.807223,-3.5104265,-1.0596005,-3.0617623,-3.5211337,tutup
-263.04477,87.91499,31.911505,23.241133,12.021617,12.996663,12.569806,1.4857615,-2.5915663,-1.0152695,-7.4834447,-3.0007248,-4.124569,-1.6262424,0.53233415,-2.7544227,-1.9778147,1.2289809,-3.652057,-0.634667,tutup
-251.73813,87.44499,29.161848,23.71735,8.490286,11.84911,15.264371,-1.6798301,-4.7694054,-1.7217853,-10.969117,-1.1506118,-6.81466,-1.2440279,1.5035865,-6.196983,-2.6838732,1.4828569,-4.010109,0.33242512,tutup
-240.50467,88.983185,28.742617,19.1219,10.644271,6.3771753,15.121198,4.1433334,-4.218172,0.67962646,-10.448014,-2.722364,-6.031031,-0.52917194,2.6025832,-3.4126425,-4.8656473,1.4080404,-4.447386,-2.914476,tutup
-284.70734,78.36327,33.62942,25.26829,14.197722,10.593899,14.651461,7.3356023,1.0094887,4.5916376,-4.8172245,-1.2888602,-2.5569327,-1.1835347,1.8422729,0.053984966,-5.451353,-0.011575024,-4.578937,-3.501192,tutup
-283.59152,81.20304,34.741215,23.801119,13.524138,10.582634,15.851285,5.3180656,-1.722503,2.807273,-7.307913,-3.1200058,-3.084574,-2.0030448,2.107664,-2.8531733,-5.829982,0.9536163,-4.2316103,-1.8984988,tutup
-236.69832,92.50889,36.189148,26.308998,10.799323,10.542241,14.462566,-0.12272588,-3.1684675,-0.67163414,-9.197726,-2.3678796,-7.0209684,-1.8721261,5.629254,-2.6868634,-3.7753184,-0.78553975,-6.790163,-5.706833,tutup
-237.37964,86.99734,33.047207,21.96538,14.372621,6.7110176,17.001705,-1.5371735,-2.6440613,-4.467394,-11.155222,-1.5427332,-7.8318014,-1.448102,4.6301794,-4.599202,-5.478647,0.08959877,-5.385951,-5.239727,tutup
-258.4378,83.57645,27.402376,23.043783,15.888552,12.444002,17.156694,0.4269554,-2.6236775,1.011097,-6.3593416,-1.5981965,-3.7124999,2.0054066,2.7469015,-5.207496,-2.4770093,3.5430408,-3.83781,-2.8827856,tutup
-258.23203,83.90487,34.881203,20.114601,14.91393,13.482584,12.611575,1.1605135,-2.3453937,1.038898,-5.428726,-0.8103923,-4.642218,-2.1761923,-0.03835923,-2.8848176,-2.1457458,1.1252624,-3.3923283,-1.5145385,tutup
-265.3449,88.82427,34.42157,23.281677,12.895451,12.437013,14.675705,2.788195,-1.0128636,-0.87221986,-7.578903,-0.45705572,-1.7395741,1.2067078,0.86437553,-3.0972328,-3.7621262,-2.113865,-3.70218,-2.1521006,tutup
-280.61227,83.17845,31.30226,25.083021,11.906038,11.442958,9.731907,0.4069029,-0.7092154,0.2605953,-8.49389,-2.6903942,-5.68113,-0.62482274,0.46843,-1.7014029,-2.4736266,0.088269144,-3.1690757,-3.7152698,tutup
-286.0601,76.93999,32.16875,22.513016,15.133446,14.035214,13.061723,1.9880948,-2.9114084,-0.82669264,-7.4201016,-2.5764298,-5.611138,0.2986277,-0.3343294,-2.4574966,-1.3234384,-0.13457519,-3.345601,-2.4808047,tutup
-272.73746,75.37813,32.708824,22.032042,15.080378,12.457282,10.244304,3.8928154,-3.0233157,3.8144944,-8.155252,-3.976409,-0.8420125,-2.0570338,-2.7481697,-0.114990145,-3.358076,0.81389636,-2.9898875,-3.3626013,tutup
-251.15007,78.283905,30.89249,23.146944,12.430367,13.5723915,12.382575,2.4131703,-0.5039415,4.59404,-7.445028,-3.388386,-3.7342207,0.48272574,-0.96369684,-3.2229583,-3.302251,0.103987865,-5.276462,-3.759754,tutup
-274.5193,88.06889,37.911274,21.544683,12.197605,13.333936,10.91583,2.1937644,0.19345607,-0.84821147,-6.1914887,-2.3782887,-3.8015392,-0.12657893,-0.7221816,-2.0827367,-2.5216887,2.0845296,-2.943313,-0.5902879,tutup
-254.7757,83.6197,29.385967,24.638523,11.096374,9.78842,16.33782,3.1708968,-2.3306682,-1.3513242,-8.599603,-0.34766194,-5.9356637,1.6791111,1.7386384,-5.1050873,-4.6698103,1.1519302,-3.6860173,-2.7940145,tutup
-238.84024,93.7244,28.754034,21.85329,8.733455,9.76633,14.798621,-1.5059774,-3.4912949,0.695872,-9.405446,-2.7864945,-4.061959,2.718482,1.8313415,-5.699724,-5.1884,0.9867544,-5.06822,-2.8075283,tutup
-269.75317,84.37279,29.500643,22.792763,9.631476,13.433549,17.692415,-2.8117156,-4.9978676,-1.3299522,-8.74156,0.13306007,-7.185932,2.5233252,1.3437454,-6.1133566,-4.8831735,1.4847969,-3.1419268,1.0344611,tutup
-240.55927,82.43506,36.100277,23.770678,14.133071,8.9046755,15.281413,-0.8708239,-3.7214868,-0.60113305,-7.5052433,0.91962665,-0.4818361,0.10450963,2.0205965,-4.587176,-3.5883713,-0.5985473,-3.1424448,-2.461657,tutup
-264.4998,77.9797,28.832495,23.169514,16.520731,10.574949,10.209741,2.5068986,-3.384685,0.20314974,-2.497438,1.630317,-0.24608925,-0.91325784,-0.80934876,-2.3753624,-1.3250918,2.569322,-3.7822607,-1.5209953,tutup
-281.4764,83.47457,27.197643,22.102764,9.239521,9.419875,9.19131,2.3150964,-0.11709887,-1.6636881,-12.693461,0.59796035,-0.32397202,-1.3469528,1.8404119,-1.5887694,-5.800987,3.1733627,-1.9839954,-5.1274953,tutup
-275.21957,79.772026,31.119225,24.078007,11.991092,11.3957815,11.5729685,3.0608318,-0.76701134,-2.1469588,-10.615386,-0.89632064,-0.7995112,0.4648707,2.3055453,-0.25350857,-6.8030467,2.2288344,-6.0808315,-3.9280472,tutup
-279.49182,91.16695,31.923332,23.700428,13.960699,9.3257475,14.130208,8.229698,0.07158911,-4.2311964,-10.256765,-2.8319285,0.5516208,-1.7537577,0.69919705,-1.8587499,-5.910801,2.900677,-3.3982224,-3.8300579,tutup
-257.34363,83.233315,33.88486,26.424328,10.743738,8.561493,11.926336,3.673008,-2.0428298,-3.646625,-13.767384,-1.8503972,2.0250127,-2.0283716,1.8376573,-1.9410113,-7.3542595,5.037578,-3.9826272,-4.4769907,tutup
-255.00958,81.02352,31.917446,22.33993,13.959289,10.259428,11.596253,5.0963607,0.90549093,-3.9303265,-9.31452,0.17354412,-1.497213,-0.88521844,1.4410807,-1.1308577,-7.5497336,3.0595274,-2.4857728,-4.7887287,tutup
-239.93085,92.611694,35.17829,22.856594,8.673196,9.716934,7.564284,6.7851634,-0.15447555,-3.6127126,-12.983822,-3.3017638,-1.9017888,-4.173961,4.0850897,0.18735643,-7.104782,1.9391396,-6.726505,-4.718217,tutup
-246.79626,83.93287,31.480341,26.363985,11.113799,8.696607,13.12225,3.3126237,-0.068556756,-6.4751544,-12.553511,0.8695162,0.8556379,-3.2099097,5.5864124,-4.193834,-6.742542,7.4875083,-6.5921307,-1.7349442,tutup
-251.77124,93.14689,28.653225,19.680605,10.883077,8.133225,9.080978,4.379595,-2.8508704,-7.440273,-13.101555,-0.852,3.3165362,-2.5379727,2.189533,-3.320562,-8.835866,4.7551017,-4.4727015,-6.057622,tutup
-250.80305,96.172585,36.76925,23.154602,13.829988,13.242113,10.636997,6.494034,-1.9194313,-8.371142,-12.757375,-2.355138,2.5794876,-1.0403157,2.3800786,-1.5106287,-5.9707003,2.6547875,-3.7238512,-4.2057023,tutup
-266.05164,87.48615,28.410027,20.492006,7.154184,7.7208157,13.511588,2.4452896,-6.6308064,-0.60380745,-12.262834,-3.1415186,-3.5396435,-0.77918166,2.9665866,-1.5666145,-4.871573,3.2176516,-3.890518,-3.2652333,tutup
-256.0671,82.83883,29.284737,26.245333,11.577129,11.071985,16.75864,3.316213,-6.5746846,-0.5818074,-9.03004,0.26337528,-2.747209,-0.09828273,3.2357259,-4.891929,-4.491071,2.1375196,-3.647669,-1.4000053,tutup
-264.14246,80.9539,34.616158,24.591555,13.514592,11.645779,10.768783,1.4232064,-5.1412234,1.5867671,-7.557749,-2.0372956,-1.0493841,-0.62054086,-0.55882937,-2.9706123,-2.1989095,1.9167353,-3.0424275,0.205812,tutup
-258.8574,86.813736,30.797672,23.68948,8.713014,10.388698,13.626949,-0.73517144,-3.8789303,0.7614428,-10.570556,-0.67439383,-2.8659565,0.99473363,-0.3051868,-3.9048333,-0.9253342,-0.039329123,-4.183918,0.9971988,tutup
-256.46918,92.07945,31.70133,23.523724,10.140167,9.983417,12.723105,-2.118476,-7.0758066,0.27773565,-8.80115,1.3924257,1.9380275,1.4914112,-0.5018129,-2.2691529,-3.9132483,2.5418591,-1.0568736,-3.2797775,tutup
-269.14905,83.52544,34.373665,24.255568,14.598634,13.760611,11.936382,1.0449601,-5.385738,1.675249,-7.37546,-0.5329022,-0.290637,0.40644842,-1.549687,-2.0997188,0.087447844,2.0062788,-2.1333644,-1.2818655,tutup
-286.571,86.975204,28.958881,23.145163,13.77336,13.416073,10.830141,-0.48763254,-6.7627854,-0.08153569,-9.707595,-1.45434,-1.346117,-2.2704115,0.22798787,-2.4429762,-5.372892,1.0493519,-0.3097593,-2.3041935,tutup
-252.2244,90.9567,32.129578,20.947824,8.809903,7.1815033,17.690441,-2.1074386,-9.798021,-5.232451,-11.922615,5.7399,1.2566477,4.5137587,4.199569,-6.7608314,-8.00397,-0.3586223,-5.458171,-1.874271,tutup
-260.6235,75.39468,33.430668,23.76282,16.588314,11.252633,12.817304,7.066605,1.9694352,3.477147,-2.4375226,-0.45250955,-0.6110799,0.34476545,-0.006428638,0.8205892,-1.2278712,0.70197463,-1.5471348,-0.19369188,tutup
-216.8148,84.02385,30.036386,22.538807,3.8114266,10.558877,15.707906,1.6064906,-6.3124437,-1.181216,-10.022195,0.21371444,-3.8698974,2.2075996,0.49210295,-5.308172,-3.6069093,1.4984299,-5.243315,-0.62678134,tutup
-239.50941,84.23767,34.491524,23.567625,14.10088,11.286698,10.803874,5.9612565,-0.506131,4.0018435,-4.0400395,-3.164177,-1.8505485,-2.639931,-2.6803691,-0.9789016,-2.7600572,0.5082341,-2.2434194,-1.3947436,tutup
-273.56073,77.85545,31.501635,25.05384,9.314026,13.127891,12.593274,2.0681477,-5.7380905,-0.2849287,-9.65605,-3.2589364,-1.6896232,-0.65864694,0.80850565,-1.8555652,-1.6443943,1.5075536,-2.7145617,0.7737212,tutup
-260.05853,82.75522,30.266106,23.233496,12.807296,13.478402,10.983219,1.7913713,-7.7759275,-1.1165683,-7.552327,-1.9931554,0.27235216,-0.29942542,-1.2410227,-3.1259625,0.26430768,-0.66661793,-3.893759,-0.040367704,tutup
-288.90308,84.21584,34.681446,22.365847,13.711666,12.732936,12.13449,3.1018856,-4.750068,-2.806658,-8.363667,-2.3087556,-3.589506,-0.1743048,0.17415579,-1.7896043,-2.4486053,0.4551906,-3.7333634,-3.2969344,tutup
-261.24597,83.98664,28.559118,21.838888,16.582441,12.748433,8.235682,1.6960701,-6.0356464,1.7500299,-11.417699,-4.811259,-0.5751646,-1.1649204,-2.729256,-1.6428472,-3.870155,0.21720974,-0.93290603,-1.6156663,tutup
-292.88254,84.37716,30.596775,20.01163,11.447282,11.072604,13.940706,4.095236,-3.0056736,-0.18173362,-6.1327124,-4.1664424,-2.5119243,-0.29130912,0.6132585,-0.73553646,-3.2212741,0.63931847,-4.7470975,-3.108841,tutup
-7.2911963,68.28305,31.453094,29.20507,15.900772,12.654619,13.624877,8.607842,4.135012,4.108977,1.4592512,3.084418,-0.97393215,2.0560815,-0.620865,-1.1565458,-0.9582594,-0.22145613,-2.3791265,-0.84973204,tutup
-243.47185,88.583015,32.063564,22.973932,15.571204,9.334636,14.003094,1.6536161,-6.637897,-1.4739193,-6.458964,0.82272106,1.3335197,0.9643068,0.1606183,-5.200749,-4.1306076,-0.1550521,-2.9550755,-1.0396817,tutup
-250.1564,92.26448,35.096245,21.897266,14.416788,13.888285,15.283078,6.047234,-6.7885413,-1.8052891,-7.4928813,-2.8009534,-0.22161877,0.8884058,-1.0958561,-4.1866393,-3.9501915,2.179206,-1.7543191,-2.6827939,tutup
-288.67303,89.67963,32.259624,23.767603,12.561583,10.109285,14.107164,6.0540457,-6.1872654,-1.7397326,-9.621915,-2.4460151,-1.4372175,-0.4461787,1.1670954,-2.2955115,-5.7215424,-0.2976638,-2.6851358,-3.1698046,tutup
-264.27542,67.33744,20.365345,24.844666,13.952492,14.010456,17.7242,1.9099461,-9.003008,4.7855806,-6.6033754,-1.6493412,2.6661186,0.19289447,-1.0036757,-3.5842001,-2.9155078,-0.46958342,-1.7044567,2.068098,tutup
-258.32117,93.97691,30.70748,22.309797,13.542757,8.889859,11.3320675,1.1994878,-5.0876837,-2.48338,-10.992444,-0.7421229,2.8853323,-1.8625441,-1.2802956,-0.7504408,-6.1688557,-2.2314682,-2.0265734,-0.830166,tutup
-230.72021,98.400345,23.31626,21.741913,9.513508,6.6550055,7.3598547,-2.0383012,-8.083663,-2.1947403,-9.9194,2.450377,4.2508316,-5.777079,0.017611753,0.1624051,-10.344233,-1.8481117,-2.769605,-5.726195,tutup
-222.62306,93.46173,25.805996,20.419872,18.770437,9.265759,6.4047337,-4.1566496,-4.1946354,-3.5511436,-10.22991,-0.7475282,2.445583,-3.1898324,-3.3427536,1.4073063,-8.008827,-1.8040867,0.70654947,-4.4873705,tutup
-260.15802,104.056885,18.74128,24.227112,21.24015,1.0074229,-3.0440435,-1.7709473,-13.68942,-5.453018,-14.835422,-4.0209746,0.7517123,-7.822708,-0.9012661,0.99709576,-8.524567,0.6824323,-3.1777518,-8.007648,tutup
-265.8812,92.42056,32.652035,22.518858,12.904273,11.980831,5.85687,-2.4908638,-6.9547014,-5.4439497,-12.849166,0.83180124,-1.2978078,-1.1930625,-0.73830813,-1.4481142,-3.249283,0.425422,-0.6763837,-6.219438,tutup
-273.67822,79.11751,28.501547,21.721199,15.208169,13.956914,7.9046106,3.5023775,0.5480539,0.26913977,-4.3551335,1.1576532,-0.19069107,-2.0330875,0.073016636,0.28244305,-3.558217,0.1738951,-0.9038102,-3.1928551,tutup
-263.35455,87.442,26.795845,24.92412,12.124223,13.678249,10.744497,-1.5180258,-4.474148,-1.5577257,-9.026807,2.5998414,0.026870463,-3.45065,-0.7639802,-1.1876891,-6.8767214,-1.7767462,0.49845058,-3.8299983,tutup
-246.37006,87.95049,32.728275,23.304369,12.528891,11.852137,10.009133,1.2094336,-4.0901766,-3.0086918,-8.557669,-1.4476868,-1.1608269,-1.3493401,-1.0767007,1.0564507,-4.1806116,-1.8374078,-0.08386761,-3.9142435,tutup
-269.1873,83.977425,26.072752,23.223461,11.076325,14.509612,9.227647,-1.175966,-6.21328,-4.6461673,-11.478606,-0.07955542,0.96275693,-2.9821436,0.756017,-0.3266263,-5.6534276,-0.6572757,2.3872526,-1.4360387,tutup
-244.22826,90.94602,31.520426,23.076849,9.971639,11.148747,11.325408,-0.4870543,-4.5117674,-2.5554683,-9.9918785,-1.0355544,-1.3169756,-2.5808516,-0.05408565,0.57040936,-7.4489,-2.7645247,1.2476865,-2.9342191,tutup
-264.8623,84.29321,35.882862,22.89318,6.1998825,10.056542,11.170728,0.20484827,-7.684418,0.6787917,-14.143877,-0.6010014,-3.7536466,0.68576545,2.8380084,-2.9958615,-3.2234957,-0.6648072,-2.327938,0.08463875,tutup
-288.119,89.97723,34.157906,23.259693,11.8500805,8.003705,8.928811,0.23731558,-3.8794086,-3.350717,-10.439827,0.04740211,-0.24180412,-0.18990031,-0.078137524,1.4716703,-5.3704185,-1.3608825,0.67291284,-4.342525,tutup
-249.55972,82.93732,29.575947,21.881426,13.76179,13.896262,9.228836,-2.7807777,-6.9387245,-1.7413077,-9.026982,3.129307,0.33025855,-0.9565748,-1.0237406,-0.7053861,-4.9400787,-1.7710618,1.5451555,-2.9839861,tutup
-227.75809,91.945625,38.039047,24.448427,11.033711,10.901561,9.62214,0.392752,-4.598697,-2.4255106,-10.447105,-0.54785645,-1.5803823,-0.6700462,-0.19199303,0.83456993,-4.7667036,-4.120348,0.829685,-4.7436957,tutup
-232.58267,89.29018,30.49033,24.930462,13.458485,14.879838,11.657237,-0.4284111,-2.3334475,-0.78491956,-11.587819,4.654991,1.706461,-3.0561824,0.888412,0.64479315,-5.108403,-2.4879515,1.8680329,-0.587796,tutup
-265.7544,83.23312,30.248983,22.766018,10.549884,11.27665,12.515366,-0.65537024,-4.636184,-0.7578984,-9.160177,-0.786558,-0.3095629,1.9556283,0.4276256,-3.0988512,-3.8560023,-0.05857289,-4.2543883,-0.41148958,tutup
-228.45718,90.04756,35.730476,26.97823,10.73283,11.257833,12.193933,0.33926862,-7.4416404,-1.5787544,-10.812841,-0.18600625,0.32534692,2.5211256,1.5350555,-4.103962,-2.6420913,-0.11324294,-3.634567,-0.74910545,tutup
-249.81905,86.62276,30.365446,21.503021,10.028955,12.394655,12.539836,-0.2097751,-5.1043806,-1.9930991,-7.3995433,1.2644718,0.7691193,1.2203535,-0.19574535,-2.0476656,-2.4287243,1.1753362,-5.740569,-4.20764,tutup
-262.28476,93.275894,30.58163,24.358284,10.1782875,10.883597,13.072967,-1.9733483,-7.412222,-2.7123723,-8.851678,-1.7822646,1.7509394,4.41296,1.4640632,-3.750802,-3.4094007,-3.5841422,-3.355701,-1.5330868,tutup
-279.10654,84.96195,31.813162,25.561241,12.119002,13.031837,12.279889,3.1209674,0.21373779,0.22596395,-7.2789555,-1.4760939,-0.26235127,3.0765035,-0.75906575,-1.8221332,-1.8705968,-3.2943847,-3.1382108,-1.2493756,tutup
-275.20483,82.96077,28.927486,24.740608,14.452224,14.092468,10.642096,0.19428837,-1.3705761,0.35986444,-3.3964736,0.52410764,0.15745087,1.2571055,-0.89997774,-1.2077522,-1.0019865,1.0973847,-3.0359504,-0.9008109,tutup
-298.22464,81.75655,30.135033,24.10917,15.774033,13.16591,10.518228,-0.095853895,-1.6061895,0.4088403,-4.3565903,-0.70629495,0.24560423,1.8392746,-2.338154,-2.5801919,-2.38142,-1.2963086,-2.924955,-0.63789016,tutup
-255.51157,85.69088,33.200542,22.011572,14.750103,14.542058,10.301024,1.4222844,-2.104905,0.18459293,-6.218057,0.059617072,-0.8598896,2.6660182,-2.1207304,-2.1669457,-2.006803,-1.4274457,-2.8889565,-2.3233182,tutup
-247.47134,93.86601,34.970276,24.465374,11.300977,10.093167,10.50643,1.0370352,-3.6207662,-2.7506516,-7.8596067,-2.587543,0.65181607,3.7927303,-1.7355477,-1.1600415,-2.8914204,-1.3844535,-2.4219818,-1.1950881,tutup
-231.1124,92.41952,34.58369,22.16143,10.829929,11.697653,11.860631,-0.83106595,-3.3979576,-4.1671753,-5.9519615,0.05264327,-0.007913779,1.2865199,-0.74400026,-2.5081677,-2.3230174,-1.3186171,-2.8229167,-1.4795274,tutup
-243.44363,87.780846,30.106758,19.887423,14.440397,14.411773,10.168857,-1.4268225,-5.4377384,-0.009776365,-5.0611997,-0.58373356,-0.0042370576,1.2677704,0.13400817,-2.6040022,-0.9379045,1.9084162,-2.9868042,0.92781174,tutup
-247.70372,89.59984,32.18984,22.059135,12.752274,11.524995,9.392467,0.7406526,-5.1031437,-2.3284338,-7.909374,-1.2152317,0.8430298,4.8632646,-0.93601954,0.2596919,-0.74543184,-3.152239,-4.2148957,-1.9503739,tutup
-252.69122,87.00508,32.358566,22.988901,14.723638,13.970423,10.7766,-1.9272901,-3.9067245,-3.3628669,-4.6428127,2.7002559,1.7258413,2.0435596,-0.4757458,-2.2019868,-0.8824069,-2.003865,-2.0426273,0.51270324,tutup
-240.88976,97.37267,34.237026,24.002186,10.731588,12.128004,11.805035,-3.3390105,-4.6973677,-7.3187265,-10.634796,-2.9131243,2.5299845,5.446162,0.11203202,-1.778493,-3.634251,-3.4244366,-2.9375231,-1.5461284,tutup
-223.72818,98.47984,33.38629,23.205334,10.430978,12.549456,12.423096,-1.4236014,-5.595396,-4.9230075,-9.1343,-1.5561198,1.4505365,2.257583,-1.9093719,-2.6943057,-4.078099,-2.5666776,-3.5186925,-0.16418304,tutup
-226.0695,94.63623,31.078125,24.482721,15.230668,12.126105,10.972442,-1.3315796,-3.6347818,-2.9127123,-8.3699255,-0.96925074,2.8595276,2.60595,-1.7651124,-1.78548,-1.9203676,-2.21623,-2.88071,2.497563,tutup
-242.36372,95.97894,29.57401,22.811651,12.864286,15.4028635,11.599356,-2.40451,-3.148626,-2.1579835,-8.780916,-0.7983405,1.3997871,2.4504786,0.14414136,-2.4475226,-0.9407053,0.025449416,-2.5532103,1.7451292,tutup
-259.01773,96.38456,28.747206,22.26316,10.928019,9.820841,12.46362,-3.2170336,-6.3307633,-0.61612946,-9.287897,0.5694337,3.4133573,1.4158335,-1.4506339,-0.6182159,-2.689104,-2.7060285,-4.418282,0.71753347,tutup
